Use EVENTSv1
go

EXEC sp_MSForEachTable 'DISABLE TRIGGER ALL ON ?'
GO
EXEC sp_MSForEachTable 'ALTER TABLE ? NOCHECK CONSTRAINT ALL'
GO
EXEC sp_MSForEachTable 'DELETE FROM ?'
GO
EXEC sp_MSForEachTable 'ALTER TABLE ? CHECK CONSTRAINT ALL'
GO
EXEC sp_MSForEachTable 'ENABLE TRIGGER ALL ON ?'
GO

-- Buyers
SET IDENTITY_INSERT BUYER ON
INSERT INTO BUYER(PassB, Name) VALUES( 1, 'B1')
INSERT INTO BUYER(PassB, Name) VALUES( 2, 'B2')
INSERT INTO BUYER(PassB, Name) VALUES( 3, 'B3')
INSERT INTO BUYER(PassB, Name) VALUES( 4, 'B4')
INSERT INTO BUYER(PassB, Name) VALUES( 5, 'B5')
SET IDENTITY_INSERT BUYER OFF


--Discount
INSERT INTO DISCOUNT(TicketsNumber, Discount) VALUES(10,5)
INSERT INTO DISCOUNT(TicketsNumber, Discount) VALUES(25,10)
INSERT INTO DISCOUNT(TicketsNumber, Discount) VALUES(50,15)
INSERT INTO DISCOUNT(TicketsNumber, Discount) VALUES(100,20)


--Object O1
SET IDENTITY_INSERT [OBJECT] ON
INSERT INTO [OBJECT](PassO, Name) VALUES (1,'O1')
SET IDENTITY_INSERT [OBJECT] OFF

SET IDENTITY_INSERT SECTOR ON
INSERT INTO SECTOR(PassS, Designator, FactorS, RowNum, PassO) VALUES (1,'O1S1', 1, 3, 1)
SET IDENTITY_INSERT SECTOR OFF
SET IDENTITY_INSERT [ROW] ON
INSERT INTO [ROW](PassR, Number, FactorR, ChairNumber, PassS) VALUES (1, 1, 1.5, 5, 1)
INSERT INTO [ROW](PassR, Number, FactorR, ChairNumber, PassS) VALUES (2, 2, 1, 5, 1)
INSERT INTO [ROW](PassR, Number, FactorR, ChairNumber, PassS) VALUES (3, 3, 2, 5, 1)
SET IDENTITY_INSERT [ROW] OFF

SET IDENTITY_INSERT SECTOR ON
INSERT INTO SECTOR(PassS, Designator, FactorS, RowNum, PassO) VALUES (2,'O1S2', 1.5, 2, 1)
SET IDENTITY_INSERT SECTOR OFF
SET IDENTITY_INSERT [ROW] ON
INSERT INTO [ROW](PassR, Number, FactorR, ChairNumber, PassS) VALUES (4, 1, 1, 5, 2)
INSERT INTO [ROW](PassR, Number, FactorR, ChairNumber, PassS) VALUES (5, 2, 0.5, 5, 2)
SET IDENTITY_INSERT [ROW] OFF

--Object O2
SET IDENTITY_INSERT [OBJECT] ON
INSERT INTO[OBJECT](PassO, Name) VALUES (2,'O2')
SET IDENTITY_INSERT [OBJECT] OFF

SET IDENTITY_INSERT SECTOR ON
INSERT INTO SECTOR(PassS, Designator, FactorS, RowNum, PassO) VALUES (3,'O2S1', 1, 3, 2)
SET IDENTITY_INSERT SECTOR OFF
SET IDENTITY_INSERT [ROW] ON
INSERT INTO [ROW](PassR, Number, FactorR, ChairNumber, PassS) VALUES (6, 1, 1.5, 4, 3)
INSERT INTO [ROW](PassR, Number, FactorR, ChairNumber, PassS) VALUES (7, 2, 0.5, 4, 3)
INSERT INTO [ROW](PassR, Number, FactorR, ChairNumber, PassS) VALUES (8, 3, 1, 4, 3)
SET IDENTITY_INSERT [ROW] OFF

--Object O3
SET IDENTITY_INSERT [OBJECT] ON
INSERT INTO [OBJECT](PassO, Name) VALUES (3,'O3')
SET IDENTITY_INSERT [OBJECT] OFF

SET IDENTITY_INSERT SECTOR ON
INSERT INTO SECTOR(PassS, Designator, FactorS, RowNum, PassO) VALUES (4,'O3S1', 1.5, 1, 3)
SET IDENTITY_INSERT SECTOR OFF
SET IDENTITY_INSERT [ROW] ON
INSERT INTO [ROW](PassR, Number, FactorR, ChairNumber, PassS) VALUES (9, 1, 1, 20, 4)
SET IDENTITY_INSERT [ROW] OFF

SET IDENTITY_INSERT SECTOR ON
INSERT INTO SECTOR(PassS, Designator, FactorS, RowNum, PassO) VALUES (5,'O3S2', 0.8, 4, 3)
SET IDENTITY_INSERT SECTOR OFF
SET IDENTITY_INSERT [ROW] ON
INSERT INTO [ROW](PassR, Number, FactorR, ChairNumber, PassS) VALUES (10, 1, 1.5, 5, 5)
INSERT INTO [ROW](PassR, Number, FactorR, ChairNumber, PassS) VALUES (11, 2, 0.5, 7, 5)
INSERT INTO [ROW](PassR, Number, FactorR, ChairNumber, PassS) VALUES (12, 3, 2, 8, 5)
INSERT INTO [ROW](PassR, Number, FactorR, ChairNumber, PassS) VALUES (13, 4, 1, 5, 5)
SET IDENTITY_INSERT [ROW] OFF

SET IDENTITY_INSERT SECTOR ON
INSERT INTO SECTOR(PassS, Designator, FactorS, RowNum, PassO) VALUES (6,'O3S3', 1, 1, 3)
SET IDENTITY_INSERT SECTOR OFF
SET IDENTITY_INSERT [ROW] ON
INSERT INTO [ROW](PassR, Number, FactorR, ChairNumber, PassS) VALUES (14, 1, 1, 7, 6)
SET IDENTITY_INSERT [ROW] OFF

--Object O4
SET IDENTITY_INSERT [OBJECT] ON
INSERT INTO [OBJECT](PassO, Name) VALUES (4,'O4')
SET IDENTITY_INSERT [OBJECT] OFF

SET IDENTITY_INSERT SECTOR ON
INSERT INTO SECTOR(PassS, Designator, FactorS, RowNum, PassO) VALUES (7,'O4S1', 1, 2, 4)
SET IDENTITY_INSERT SECTOR OFF
SET IDENTITY_INSERT [ROW] ON
INSERT INTO [ROW](PassR, Number, FactorR, ChairNumber, PassS) VALUES (15, 1, 1, 2, 7)
INSERT INTO [ROW](PassR, Number, FactorR, ChairNumber, PassS) VALUES (16, 2, 1, 5, 7)
SET IDENTITY_INSERT [ROW] OFF

SET IDENTITY_INSERT SECTOR ON
INSERT INTO SECTOR(PassS, Designator, FactorS, RowNum, PassO) VALUES (8,'O4S2', 1, 3, 4)
SET IDENTITY_INSERT SECTOR OFF
SET IDENTITY_INSERT [ROW] ON
INSERT INTO [ROW](PassR, Number, FactorR, ChairNumber, PassS) VALUES (17, 1, 1, 3, 8)
INSERT INTO [ROW](PassR, Number, FactorR, ChairNumber, PassS) VALUES (18, 2, 1, 2, 8)
INSERT INTO [ROW](PassR, Number, FactorR, ChairNumber, PassS) VALUES (19, 3, 1, 3, 8)
SET IDENTITY_INSERT [ROW] OFF

SET IDENTITY_INSERT SECTOR ON
INSERT INTO SECTOR(PassS, Designator, FactorS, RowNum, PassO) VALUES (9,'O4S3', 1, 2, 4)
SET IDENTITY_INSERT SECTOR OFF
SET IDENTITY_INSERT [ROW] ON
INSERT INTO [ROW](PassR, Number, FactorR, ChairNumber, PassS) VALUES (20, 1, 1, 2, 9)
INSERT INTO [ROW](PassR, Number, FactorR, ChairNumber, PassS) VALUES (21, 2, 1, 2, 9)
SET IDENTITY_INSERT [ROW] OFF

--Event 1
SET IDENTITY_INSERT [EVENT] ON
INSERT INTO [EVENT](PassE, Name, Description, Date, BasePrice, RestTicketsNum) VALUES (1,'D1','D1 opis','2019-09-05', 1000,7)
SET IDENTITY_INSERT [EVENT] OFF

SET IDENTITY_INSERT TICKET ON
INSERT INTO TICKET( PassT, ChairNum, OfficialPrice, Status, PassR) VALUES(1,1,1500,'S',6)
INSERT INTO TICKET( PassT, ChairNum, OfficialPrice, Status, PassR) VALUES(2,2,1500,'S',6)
INSERT INTO TICKET( PassT, ChairNum, OfficialPrice, Status, PassR) VALUES(3,3,1500,'P',6)
INSERT INTO TICKET( PassT, ChairNum, OfficialPrice, Status, PassR) VALUES(4,4,1500,'P',6)

INSERT INTO TICKET( PassT, ChairNum, OfficialPrice, Status, PassR) VALUES(5,1,500,'S',7)
INSERT INTO TICKET( PassT, ChairNum, OfficialPrice, Status, PassR) VALUES(6,2,500,'S',7)
INSERT INTO TICKET( PassT, ChairNum, OfficialPrice, Status, PassR) VALUES(7,3,500,'S',7)
INSERT INTO TICKET( PassT, ChairNum, OfficialPrice, Status, PassR) VALUES(8,4,500,'P',7)

INSERT INTO TICKET( PassT, ChairNum, OfficialPrice, Status, PassR) VALUES(9,1,1000,'P',8)
INSERT INTO TICKET( PassT, ChairNum, OfficialPrice, Status, PassR) VALUES(10,2,1000,'P',8)
INSERT INTO TICKET( PassT, ChairNum, OfficialPrice, Status, PassR) VALUES(11,3,1000,'S',8)
INSERT INTO TICKET( PassT, ChairNum, OfficialPrice, Status, PassR) VALUES(12,4,1000,'S',8)
SET IDENTITY_INSERT TICKET OFF

INSERT INTO VALID(PassT, PassE) VALUES(1, 1)
INSERT INTO VALID(PassT, PassE) VALUES(2, 1)
INSERT INTO VALID(PassT, PassE) VALUES(3, 1)
INSERT INTO VALID(PassT, PassE) VALUES(4, 1)

INSERT INTO VALID(PassT, PassE) VALUES(5, 1)
INSERT INTO VALID(PassT, PassE) VALUES(6, 1)
INSERT INTO VALID(PassT, PassE) VALUES(7, 1)
INSERT INTO VALID(PassT, PassE) VALUES(8, 1)

INSERT INTO VALID(PassT, PassE) VALUES(9, 1)
INSERT INTO VALID(PassT, PassE) VALUES(10, 1)
INSERT INTO VALID(PassT, PassE) VALUES(11, 1)
INSERT INTO VALID(PassT, PassE) VALUES(12, 1)

INSERT INTO BOUGHT(PassT, PassB, Price) VALUES(9,1,1000)
INSERT INTO BOUGHT(PassT, PassB, Price) VALUES(10,2,1000)


--Event 2
SET IDENTITY_INSERT [EVENT] ON
INSERT INTO [EVENT](PassE, Name, Description, Date, BasePrice, RestTicketsNum) VALUES (2,'D2','D2 opis','2019-10-13', 100,15)
SET IDENTITY_INSERT [EVENT] OFF

SET IDENTITY_INSERT TICKET ON
INSERT INTO TICKET( PassT, ChairNum, OfficialPrice, Status, PassR) VALUES(13,1,150,'S',1)
INSERT INTO TICKET( PassT, ChairNum, OfficialPrice, Status, PassR) VALUES(14,2,150,'S',1)
INSERT INTO TICKET( PassT, ChairNum, OfficialPrice, Status, PassR) VALUES(15,3,150,'P',1)
INSERT INTO TICKET( PassT, ChairNum, OfficialPrice, Status, PassR) VALUES(16,4,150,'P',1)
INSERT INTO TICKET( PassT, ChairNum, OfficialPrice, Status, PassR) VALUES(17,5,150,'P',1)

INSERT INTO TICKET( PassT, ChairNum, OfficialPrice, Status, PassR) VALUES(18,1,100,'S',2)
INSERT INTO TICKET( PassT, ChairNum, OfficialPrice, Status, PassR) VALUES(19,2,100,'S',2)
INSERT INTO TICKET( PassT, ChairNum, OfficialPrice, Status, PassR) VALUES(20,3,100,'S',2)
INSERT INTO TICKET( PassT, ChairNum, OfficialPrice, Status, PassR) VALUES(21,4,100,'P',2)
INSERT INTO TICKET( PassT, ChairNum, OfficialPrice, Status, PassR) VALUES(22,5,100,'P',2)

INSERT INTO TICKET( PassT, ChairNum, OfficialPrice, Status, PassR) VALUES(23,1,200,'P',3)
INSERT INTO TICKET( PassT, ChairNum, OfficialPrice, Status, PassR) VALUES(24,2,200,'S',3)
INSERT INTO TICKET( PassT, ChairNum, OfficialPrice, Status, PassR) VALUES(25,3,200,'S',3)
INSERT INTO TICKET( PassT, ChairNum, OfficialPrice, Status, PassR) VALUES(26,4,200,'S',3)
INSERT INTO TICKET( PassT, ChairNum, OfficialPrice, Status, PassR) VALUES(27,5,200,'P',3)

INSERT INTO TICKET( PassT, ChairNum, OfficialPrice, Status, PassR) VALUES(28,1,100,'S',4)
INSERT INTO TICKET( PassT, ChairNum, OfficialPrice, Status, PassR) VALUES(29,2,100,'S',4)
INSERT INTO TICKET( PassT, ChairNum, OfficialPrice, Status, PassR) VALUES(30,3,100,'S',4)
INSERT INTO TICKET( PassT, ChairNum, OfficialPrice, Status, PassR) VALUES(31,4,100,'S',4)
INSERT INTO TICKET( PassT, ChairNum, OfficialPrice, Status, PassR) VALUES(32,5,100,'P',4)

INSERT INTO TICKET( PassT, ChairNum, OfficialPrice, Status, PassR) VALUES(33,1,50,'P',5)
INSERT INTO TICKET( PassT, ChairNum, OfficialPrice, Status, PassR) VALUES(34,2,50,'P',5)
INSERT INTO TICKET( PassT, ChairNum, OfficialPrice, Status, PassR) VALUES(35,3,50,'S',5)
INSERT INTO TICKET( PassT, ChairNum, OfficialPrice, Status, PassR) VALUES(36,4,50,'S',5)
INSERT INTO TICKET( PassT, ChairNum, OfficialPrice, Status, PassR) VALUES(37,5,50,'S',5)
SET IDENTITY_INSERT TICKET OFF

INSERT INTO VALID(PassT, PassE) VALUES(13, 2)
INSERT INTO VALID(PassT, PassE) VALUES(14, 2)
INSERT INTO VALID(PassT, PassE) VALUES(15, 2)
INSERT INTO VALID(PassT, PassE) VALUES(16, 2)
INSERT INTO VALID(PassT, PassE) VALUES(17, 2)

INSERT INTO VALID(PassT, PassE) VALUES(18, 2)
INSERT INTO VALID(PassT, PassE) VALUES(19, 2)
INSERT INTO VALID(PassT, PassE) VALUES(20, 2)
INSERT INTO VALID(PassT, PassE) VALUES(21, 2)
INSERT INTO VALID(PassT, PassE) VALUES(22, 2)

INSERT INTO VALID(PassT, PassE) VALUES(23, 2)
INSERT INTO VALID(PassT, PassE) VALUES(24, 2)
INSERT INTO VALID(PassT, PassE) VALUES(25, 2)
INSERT INTO VALID(PassT, PassE) VALUES(26, 2)
INSERT INTO VALID(PassT, PassE) VALUES(27, 2)

INSERT INTO VALID(PassT, PassE) VALUES(28, 2)
INSERT INTO VALID(PassT, PassE) VALUES(29, 2)
INSERT INTO VALID(PassT, PassE) VALUES(30, 2)
INSERT INTO VALID(PassT, PassE) VALUES(31, 2)
INSERT INTO VALID(PassT, PassE) VALUES(32, 2)

INSERT INTO VALID(PassT, PassE) VALUES(33, 2)
INSERT INTO VALID(PassT, PassE) VALUES(34, 2)
INSERT INTO VALID(PassT, PassE) VALUES(35, 2)
INSERT INTO VALID(PassT, PassE) VALUES(36, 2)
INSERT INTO VALID(PassT, PassE) VALUES(37, 2)

INSERT INTO BOUGHT(PassT, PassB, Price) VALUES(34,3,50)
INSERT INTO BOUGHT(PassT, PassB, Price) VALUES(17,4,150)
INSERT INTO BOUGHT(PassT, PassB, Price) VALUES(16,5,150)



--Event 3
SET IDENTITY_INSERT [EVENT] ON
INSERT INTO [EVENT](PassE, Name, Description, Date, BasePrice, RestTicketsNum) VALUES (3,'D3','D3 opis','2019-09-27', 200,17)
SET IDENTITY_INSERT [EVENT] OFF

SET IDENTITY_INSERT TICKET ON
INSERT INTO TICKET( PassT, ChairNum, OfficialPrice, Status, PassR) VALUES(38,1,200,'S',15)
INSERT INTO TICKET( PassT, ChairNum, OfficialPrice, Status, PassR) VALUES(39,2,200,'S',15)

INSERT INTO TICKET( PassT, ChairNum, OfficialPrice, Status, PassR) VALUES(40,1,200,'S',16)
INSERT INTO TICKET( PassT, ChairNum, OfficialPrice, Status, PassR) VALUES(41,2,200,'S',16)
INSERT INTO TICKET( PassT, ChairNum, OfficialPrice, Status, PassR) VALUES(42,3,200,'P',16)
INSERT INTO TICKET( PassT, ChairNum, OfficialPrice, Status, PassR) VALUES(43,4,200,'S',16)
INSERT INTO TICKET( PassT, ChairNum, OfficialPrice, Status, PassR) VALUES(44,5,200,'S',16)

INSERT INTO TICKET( PassT, ChairNum, OfficialPrice, Status, PassR) VALUES(45,1,200,'S',17)
INSERT INTO TICKET( PassT, ChairNum, OfficialPrice, Status, PassR) VALUES(46,2,200,'S',17)
INSERT INTO TICKET( PassT, ChairNum, OfficialPrice, Status, PassR) VALUES(47,3,200,'S',17)

INSERT INTO TICKET( PassT, ChairNum, OfficialPrice, Status, PassR) VALUES(48,1,200,'S',18)
INSERT INTO TICKET( PassT, ChairNum, OfficialPrice, Status, PassR) VALUES(49,2,200,'S',18)

INSERT INTO TICKET( PassT, ChairNum, OfficialPrice, Status, PassR) VALUES(50,1,200,'S',19)
INSERT INTO TICKET( PassT, ChairNum, OfficialPrice, Status, PassR) VALUES(51,2,200,'S',19)
INSERT INTO TICKET( PassT, ChairNum, OfficialPrice, Status, PassR) VALUES(52,3,200,'S',19)

INSERT INTO TICKET( PassT, ChairNum, OfficialPrice, Status, PassR) VALUES(53,1,200,'P',20)
INSERT INTO TICKET( PassT, ChairNum, OfficialPrice, Status, PassR) VALUES(54,2,200,'S',20)

INSERT INTO TICKET( PassT, ChairNum, OfficialPrice, Status, PassR) VALUES(55,1,200,'S',21)
INSERT INTO TICKET( PassT, ChairNum, OfficialPrice, Status, PassR) VALUES(56,2,200,'S',21)
SET IDENTITY_INSERT TICKET OFF

INSERT INTO VALID(PassT, PassE) VALUES(38, 3)
INSERT INTO VALID(PassT, PassE) VALUES(39, 3)
INSERT INTO VALID(PassT, PassE) VALUES(40, 3)
INSERT INTO VALID(PassT, PassE) VALUES(41, 3)
INSERT INTO VALID(PassT, PassE) VALUES(42, 3)
INSERT INTO VALID(PassT, PassE) VALUES(43, 3)
INSERT INTO VALID(PassT, PassE) VALUES(44, 3)
INSERT INTO VALID(PassT, PassE) VALUES(45, 3)
INSERT INTO VALID(PassT, PassE) VALUES(46, 3)
INSERT INTO VALID(PassT, PassE) VALUES(47, 3)
INSERT INTO VALID(PassT, PassE) VALUES(48, 3)
INSERT INTO VALID(PassT, PassE) VALUES(49, 3)
INSERT INTO VALID(PassT, PassE) VALUES(50, 3)
INSERT INTO VALID(PassT, PassE) VALUES(51, 3)
INSERT INTO VALID(PassT, PassE) VALUES(52, 3)
INSERT INTO VALID(PassT, PassE) VALUES(53, 3)
INSERT INTO VALID(PassT, PassE) VALUES(54, 3)
INSERT INTO VALID(PassT, PassE) VALUES(55, 3)
INSERT INTO VALID(PassT, PassE) VALUES(56, 3)

INSERT INTO BOUGHT(PassT, PassB, Price) VALUES(42,1,200)
INSERT INTO BOUGHT(PassT, PassB, Price) VALUES(53,2,200)



